Aplicación,Porcentaje de escuchas
Spotify,0.9393939393939394
Amazon Music,0.02097902097902098
Otro,0.03962703962703963
