Aplicación,Porcentaje de escuchas
Spotify,0.9639600907298416
Otro,0.03603990927015849
